slice_id,target,shot,comparison,paired_city_count,mean_source_r2,mean_satca_r2,mean_delta_r2,median_delta_r2,delta_r2_ci95_lo,delta_r2_ci95_hi,bootstrap_delta_r2_ci95_lo,bootstrap_delta_r2_ci95_hi,bootstrap_ci95_lo,bootstrap_ci95_hi,positive_delta_r2_count,negative_delta_r2_count,zero_delta_r2_count,paired_t_p_delta_r2,wilcoxon_p_delta_r2,wilcoxon_p,mean_delta_rmse,median_delta_rmse,delta_rmse_ci95_lo,delta_rmse_ci95_hi,bootstrap_delta_rmse_ci95_lo,bootstrap_delta_rmse_ci95_hi,paired_t_p_delta_rmse,wilcoxon_p_delta_rmse,mean_delta_mae,median_delta_mae,delta_mae_ci95_lo,delta_mae_ci95_hi,bootstrap_delta_mae_ci95_lo,bootstrap_delta_mae_ci95_hi,paired_t_p_delta_mae,wilcoxon_p_delta_mae,holm_p_delta_r2,holm_p_delta_rmse,holm_p_delta_mae,holm_p
scale122_local_sharded_shot_curve,intersection_nodes,10,shiftaware_adapt_vs_source_only,118,0.46337606722394686,0.5837652704229982,0.12038920319905141,0.019249184683870657,0.045578479653639335,0.24001380988545273,0.045578479653639335,0.24001380988545273,0.045578479653639335,0.24001380988545273,74,44,0,0.027863548060457616,1.9677266931384526e-05,1.9677266931384526e-05,-1.4472742720353655,-0.08684633071832204,-2.2679449147215447,-0.7808728484857455,-2.2679449147215447,-0.7808728484857455,0.00027481876357613756,4.531078216148141e-06,-1.0078181375662596,-0.08557456052632806,-1.6549114871028388,-0.4854763115713037,-1.6549114871028388,-0.4854763115713037,0.001130807948030017,2.6946098919088604e-06,1.9677266931384526e-05,4.531078216148141e-06,2.6946098919088604e-06,1.9677266931384526e-05
scale122_local_sharded_shot_curve,road_segments,10,shiftaware_adapt_vs_source_only,118,0.3978721016295153,0.5136415576060491,0.1157694559765338,0.03899387447677191,0.07804989916156128,0.16180831286632402,0.07804989916156128,0.16180831286632402,0.07804989916156128,0.16180831286632402,92,26,0,3.9673725114581066e-07,1.229251101754136e-11,1.229251101754136e-11,-17.962206665240416,-6.200898574330765,-25.319686367023216,-11.781386495137728,-25.319686367023216,-11.781386495137728,9.241592059147886e-07,1.7791678366167537e-10,-12.031854179631631,-5.072127059148684,-17.907584357301232,-6.869260981334614,-17.907584357301232,-6.869260981334614,3.077311671557491e-05,1.809292588867962e-09,2.458502203508272e-11,3.5583356732335074e-10,3.618585177735924e-09,2.458502203508272e-11
